imal .,id .,lc.,j b .,a,ja .,lb .,lc .,-,d.,eff,k ) .,g .
o',to,to,to,to,jon .,jon .,jon,n. fr.,on (,on #,on f.,off .
#,to,to,to,n.,joff .,jon .,for,n. to,off #,off #,off (,off .
2 .,to,to,it,to,jon .,jon .,toff .,ff.,on (,on ft,offp .,n.
3 .,to,to,It's,f,jon .,jon .,ton .,n. to,on ft.,off #,off !,on
4,fo .,f,fo .,to,toff .,for,jon,n. to,off !,selfify,on f :,in .
0 .,to,f.,fo .,fi-,for,off .,jon .,n' ftc,on f,off (,on f.,on
6 .,fo,f.,f.,fo .,off .,off .,jon .,s ' #,o nif,"on ( ,",on (,in .
t,to,f-,fi-,fi-,jon,jon .,jon .,n. to,ff .,off #,off #,ff .
8,f.,to,fo .,to,jon .,jon .,ton .,o.tr.,on't,on ti .,not,on
s .,f.,to,fo .,l ',jon .,jon .,ton .,no to,off .,ff.tr.,in ts .,on
